"id","learning_rate","num_hidden","num_neurons","dropout_hidden","pccc","pccc_validate"
235,0.14,2,200,0.6,0.970893970893971,0.967098703888335
113,0.06,3,100,0.55,0.961538461538462,0.962113659022931
402,0.04,1,100,0.7,0.953222453222453,0.958125623130608
646,0.01,5,200,0.8,0.953222453222453,0.953140578265204
912,0.04,3,100,0.95,0.95010395010395,0.958125623130608
691,0.01,4,500,0.8,0.949064449064449,0.943170488534397
943,0.06,4,200,0.95,0.945945945945946,0.944167497507478
914,0.1,3,100,0.95,0.933471933471933,0.931206380857428
836,0.01,3,200,0.9,0.922037422037422,0.919242273180459
168,0.06,4,400,0.55,0.90956340956341,0.912263210368893
675,0.14,5,400,0.8,0.905405405405405,0.911266201395813
963,0.06,3,400,0.95,0.904365904365904,0.904287138584247
847,0.04,5,200,0.9,0.884615384615385,0.90827517447657
775,0.14,5,400,0.85,0.882536382536383,0.892323030907278
816,0.01,4,100,0.9,0.881496881496882,0.880358923230309
934,0.1,2,200,0.95,0.878378378378378,0.892323030907278
268,0.06,4,400,0.6,0.874220374220374,0.892323030907278
696,0.01,5,500,0.8,0.872141372141372,0.89531405782652
613,0.06,3,100,0.8,0.867983367983368,0.86839481555334
527,0.04,1,200,0.75,0.85966735966736,0.880358923230309
398,0.06,5,500,0.65,0.854469854469854,0.886340977068794
658,0.06,2,400,0.8,0.849272349272349,0.86839481555334
772,0.04,5,400,0.85,0.847193347193347,0.871385842472582
281,0.01,2,500,0.6,0.843035343035343,0.866400797607178
588,0.06,3,500,0.75,0.840956340956341,0.872382851445663
858,0.06,2,400,0.9,0.838877338877339,0.876370887337986
73,0.06,5,400,0.5,0.832640332640333,0.859421734795613
984,0.1,2,500,0.95,0.832640332640333,0.863409770687936
648,0.06,5,200,0.8,0.828482328482329,0.867397806580259
58,0.06,2,400,0.5,0.826403326403326,0.853439680957129
122,0.04,5,100,0.55,0.826403326403326,0.854436689930209
508,0.06,2,100,0.75,0.813929313929314,0.854436689930209
384,0.1,2,500,0.65,0.812889812889813,0.848454636091725
339,0.1,3,200,0.65,0.80977130977131,0.822532402791625
260,0.14,2,400,0.6,0.808731808731809,0.84247258225324
138,0.06,3,200,0.55,0.806652806652807,0.837487537387837
710,0.14,2,100,0.85,0.805613305613306,0.839481555333998
5,0.14,1,100,0.5,0.801455301455301,0.837487537387837
13,0.06,3,100,0.5,0.801455301455301,0.837487537387837
14,0.1,3,100,0.5,0.801455301455301,0.837487537387837
41,0.01,4,200,0.5,0.801455301455301,0.837487537387837
50,0.14,5,200,0.5,0.801455301455301,0.837487537387837
57,0.04,2,400,0.5,0.801455301455301,0.837487537387837
68,0.06,4,400,0.5,0.801455301455301,0.837487537387837
74,0.1,5,400,0.5,0.801455301455301,0.837487537387837
76,0.01,1,500,0.5,0.801455301455301,0.837487537387837
77,0.04,1,500,0.5,0.801455301455301,0.837487537387837
79,0.1,1,500,0.5,0.801455301455301,0.837487537387837
84,0.1,2,500,0.5,0.801455301455301,0.837487537387837
89,0.1,3,500,0.5,0.801455301455301,0.837487537387837
114,0.1,3,100,0.55,0.801455301455301,0.837487537387837
115,0.14,3,100,0.55,0.801455301455301,0.837487537387837
119,0.1,4,100,0.55,0.801455301455301,0.837487537387837
126,0.01,1,200,0.55,0.801455301455301,0.837487537387837
127,0.04,1,200,0.55,0.801455301455301,0.837487537387837
128,0.06,1,200,0.55,0.801455301455301,0.837487537387837
129,0.1,1,200,0.55,0.801455301455301,0.837487537387837
134,0.1,2,200,0.55,0.801455301455301,0.837487537387837
148,0.06,5,200,0.55,0.801455301455301,0.837487537387837
153,0.06,1,400,0.55,0.801455301455301,0.837487537387837
158,0.06,2,400,0.55,0.801455301455301,0.837487537387837
166,0.01,4,400,0.55,0.801455301455301,0.837487537387837
177,0.04,1,500,0.55,0.801455301455301,0.837487537387837
178,0.06,1,500,0.55,0.801455301455301,0.837487537387837
179,0.1,1,500,0.55,0.801455301455301,0.837487537387837
180,0.14,1,500,0.55,0.801455301455301,0.837487537387837
190,0.14,3,500,0.55,0.801455301455301,0.837487537387837
203,0.06,1,100,0.6,0.801455301455301,0.837487537387837
221,0.01,5,100,0.6,0.801455301455301,0.837487537387837
238,0.06,3,200,0.6,0.801455301455301,0.837487537387837
244,0.1,4,200,0.6,0.801455301455301,0.837487537387837
253,0.06,1,400,0.6,0.801455301455301,0.837487537387837
254,0.1,1,400,0.6,0.801455301455301,0.837487537387837
255,0.14,1,400,0.6,0.801455301455301,0.837487537387837
263,0.06,3,400,0.6,0.801455301455301,0.838484546360917
266,0.01,4,400,0.6,0.801455301455301,0.837487537387837
284,0.1,2,500,0.6,0.801455301455301,0.837487537387837
288,0.06,3,500,0.6,0.801455301455301,0.837487537387837
291,0.01,4,500,0.6,0.801455301455301,0.837487537387837
292,0.04,4,500,0.6,0.801455301455301,0.837487537387837
297,0.04,5,500,0.6,0.801455301455301,0.837487537387837
302,0.04,1,100,0.65,0.801455301455301,0.837487537387837
304,0.1,1,100,0.65,0.801455301455301,0.837487537387837
321,0.01,5,100,0.65,0.801455301455301,0.837487537387837
327,0.04,1,200,0.65,0.801455301455301,0.837487537387837
335,0.14,2,200,0.65,0.801455301455301,0.837487537387837
342,0.04,4,200,0.65,0.801455301455301,0.837487537387837
356,0.01,2,400,0.65,0.801455301455301,0.837487537387837
367,0.04,4,400,0.65,0.801455301455301,0.837487537387837
371,0.01,5,400,0.65,0.801455301455301,0.837487537387837
377,0.04,1,500,0.65,0.801455301455301,0.837487537387837
378,0.06,1,500,0.65,0.801455301455301,0.837487537387837
382,0.04,2,500,0.65,0.801455301455301,0.837487537387837
406,0.01,2,100,0.7,0.801455301455301,0.837487537387837
408,0.06,2,100,0.7,0.801455301455301,0.837487537387837
413,0.06,3,100,0.7,0.801455301455301,0.837487537387837
420,0.14,4,100,0.7,0.801455301455301,0.837487537387837
427,0.04,1,200,0.7,0.801455301455301,0.837487537387837
429,0.1,1,200,0.7,0.801455301455301,0.837487537387837
432,0.04,2,200,0.7,0.801455301455301,0.837487537387837
450,0.14,5,200,0.7,0.801455301455301,0.837487537387837
454,0.1,1,400,0.7,0.801455301455301,0.837487537387837
464,0.1,3,400,0.7,0.801455301455301,0.837487537387837
469,0.1,4,400,0.7,0.801455301455301,0.837487537387837
477,0.04,1,500,0.7,0.801455301455301,0.837487537387837
478,0.06,1,500,0.7,0.801455301455301,0.837487537387837
485,0.14,2,500,0.7,0.801455301455301,0.837487537387837
490,0.14,3,500,0.7,0.801455301455301,0.837487537387837
503,0.06,1,100,0.75,0.801455301455301,0.837487537387837
518,0.06,4,100,0.75,0.801455301455301,0.837487537387837
532,0.04,2,200,0.75,0.801455301455301,0.837487537387837
553,0.06,1,400,0.75,0.801455301455301,0.837487537387837
556,0.01,2,400,0.75,0.801455301455301,0.837487537387837
559,0.1,2,400,0.75,0.801455301455301,0.837487537387837
566,0.01,4,400,0.75,0.801455301455301,0.837487537387837
568,0.06,4,400,0.75,0.801455301455301,0.837487537387837
579,0.1,1,500,0.75,0.801455301455301,0.837487537387837
581,0.01,2,500,0.75,0.801455301455301,0.824526420737787
582,0.04,2,500,0.75,0.801455301455301,0.837487537387837
600,0.14,5,500,0.75,0.801455301455301,0.838484546360917
604,0.1,1,100,0.8,0.801455301455301,0.837487537387837
605,0.14,1,100,0.8,0.801455301455301,0.837487537387837
645,0.14,4,200,0.8,0.801455301455301,0.837487537387837
654,0.1,1,400,0.8,0.801455301455301,0.837487537387837
655,0.14,1,400,0.8,0.801455301455301,0.837487537387837
669,0.1,4,400,0.8,0.801455301455301,0.837487537387837
678,0.06,1,500,0.8,0.801455301455301,0.837487537387837
679,0.1,1,500,0.8,0.801455301455301,0.837487537387837
688,0.06,3,500,0.8,0.801455301455301,0.837487537387837
689,0.1,3,500,0.8,0.801455301455301,0.837487537387837
703,0.06,1,100,0.85,0.801455301455301,0.837487537387837
705,0.14,1,100,0.85,0.801455301455301,0.837487537387837
729,0.1,1,200,0.85,0.801455301455301,0.837487537387837
733,0.06,2,200,0.85,0.801455301455301,0.837487537387837
736,0.01,3,200,0.85,0.801455301455301,0.837487537387837
743,0.06,4,200,0.85,0.801455301455301,0.837487537387837
752,0.04,1,400,0.85,0.801455301455301,0.837487537387837
759,0.1,2,400,0.85,0.801455301455301,0.837487537387837
778,0.06,1,500,0.85,0.801455301455301,0.837487537387837
779,0.1,1,500,0.85,0.801455301455301,0.837487537387837
790,0.14,3,500,0.85,0.801455301455301,0.837487537387837
810,0.14,2,100,0.9,0.801455301455301,0.837487537387837
818,0.06,4,100,0.9,0.801455301455301,0.837487537387837
834,0.1,2,200,0.9,0.801455301455301,0.837487537387837
857,0.04,2,400,0.9,0.801455301455301,0.837487537387837
863,0.06,3,400,0.9,0.801455301455301,0.837487537387837
868,0.06,4,400,0.9,0.801455301455301,0.837487537387837
889,0.1,3,500,0.9,0.801455301455301,0.838484546360917
891,0.01,4,500,0.9,0.801455301455301,0.837487537387837
910,0.14,2,100,0.95,0.801455301455301,0.837487537387837
915,0.14,3,100,0.95,0.801455301455301,0.837487537387837
919,0.1,4,100,0.95,0.801455301455301,0.837487537387837
928,0.06,1,200,0.95,0.801455301455301,0.837487537387837
931,0.01,2,200,0.95,0.801455301455301,0.837487537387837
941,0.01,4,200,0.95,0.801455301455301,0.837487537387837
954,0.1,1,400,0.95,0.801455301455301,0.837487537387837
975,0.14,5,400,0.95,0.801455301455301,0.837487537387837
979,0.1,1,500,0.95,0.801455301455301,0.837487537387837
997,0.04,5,500,0.95,0.801455301455301,0.837487537387837
32,0.04,2,200,0.5,0.8004158004158,0.837487537387837
86,0.01,3,500,0.5,0.8004158004158,0.837487537387837
103,0.06,1,100,0.55,0.8004158004158,0.836490528414756
143,0.06,4,200,0.55,0.8004158004158,0.837487537387837
261,0.01,3,400,0.6,0.8004158004158,0.836490528414756
277,0.04,1,500,0.6,0.8004158004158,0.837487537387837
340,0.14,3,200,0.65,0.8004158004158,0.835493519441675
354,0.1,1,400,0.65,0.8004158004158,0.837487537387837
355,0.14,1,400,0.65,0.8004158004158,0.837487537387837
459,0.1,2,400,0.7,0.8004158004158,0.837487537387837
467,0.04,4,400,0.7,0.8004158004158,0.837487537387837
475,0.14,5,400,0.7,0.8004158004158,0.837487537387837
479,0.1,1,500,0.7,0.8004158004158,0.837487537387837
480,0.14,1,500,0.7,0.8004158004158,0.837487537387837
534,0.1,2,200,0.75,0.8004158004158,0.837487537387837
580,0.14,1,500,0.75,0.8004158004158,0.837487537387837
597,0.04,5,500,0.75,0.8004158004158,0.836490528414756
704,0.1,1,100,0.85,0.8004158004158,0.836490528414756
819,0.1,4,100,0.9,0.8004158004158,0.835493519441675
883,0.06,2,500,0.9,0.8004158004158,0.837487537387837
940,0.14,3,200,0.95,0.8004158004158,0.837487537387837
973,0.06,5,400,0.95,0.8004158004158,0.837487537387837
980,0.14,1,500,0.95,0.8004158004158,0.837487537387837
4,0.1,1,100,0.5,0.799376299376299,0.837487537387837
28,0.06,1,200,0.5,0.799376299376299,0.837487537387837
53,0.06,1,400,0.5,0.799376299376299,0.837487537387837
54,0.1,1,400,0.5,0.799376299376299,0.837487537387837
98,0.06,5,500,0.5,0.799376299376299,0.837487537387837
154,0.1,1,400,0.55,0.799376299376299,0.837487537387837
155,0.14,1,400,0.55,0.799376299376299,0.837487537387837
229,0.1,1,200,0.6,0.799376299376299,0.837487537387837
280,0.14,1,500,0.6,0.799376299376299,0.837487537387837
313,0.06,3,100,0.65,0.799376299376299,0.833499501495513
421,0.01,5,100,0.7,0.799376299376299,0.836490528414756
453,0.06,1,400,0.7,0.799376299376299,0.837487537387837
571,0.01,5,400,0.75,0.799376299376299,0.836490528414756
596,0.01,5,500,0.75,0.799376299376299,0.837487537387837
695,0.14,4,500,0.8,0.799376299376299,0.837487537387837
755,0.14,1,400,0.85,0.799376299376299,0.837487537387837
785,0.14,2,500,0.85,0.799376299376299,0.837487537387837
799,0.1,5,500,0.85,0.799376299376299,0.837487537387837
829,0.1,1,200,0.9,0.799376299376299,0.837487537387837
830,0.14,1,200,0.9,0.799376299376299,0.837487537387837
835,0.14,2,200,0.9,0.799376299376299,0.837487537387837
860,0.14,2,400,0.9,0.799376299376299,0.837487537387837
45,0.14,4,200,0.5,0.798336798336798,0.837487537387837
80,0.14,1,500,0.5,0.798336798336798,0.837487537387837
246,0.01,5,200,0.6,0.798336798336798,0.837487537387837
405,0.14,1,100,0.7,0.798336798336798,0.837487537387837
428,0.06,1,200,0.7,0.798336798336798,0.837487537387837
430,0.14,1,200,0.7,0.798336798336798,0.837487537387837
544,0.1,4,200,0.75,0.798336798336798,0.833499501495513
558,0.06,2,400,0.75,0.798336798336798,0.837487537387837
629,0.1,1,200,0.8,0.798336798336798,0.837487537387837
647,0.04,5,200,0.8,0.798336798336798,0.837487537387837
728,0.06,1,200,0.85,0.798336798336798,0.837487537387837
896,0.01,5,500,0.9,0.798336798336798,0.836490528414756
978,0.06,1,500,0.95,0.798336798336798,0.837487537387837
228,0.06,1,200,0.6,0.797297297297297,0.837487537387837
529,0.1,1,200,0.75,0.797297297297297,0.837487537387837
680,0.14,1,500,0.8,0.797297297297297,0.837487537387837
208,0.06,2,100,0.6,0.796257796257796,0.835493519441675
423,0.06,5,100,0.7,0.796257796257796,0.836490528414756
433,0.06,2,200,0.7,0.796257796257796,0.834496510468594
741,0.01,4,200,0.85,0.796257796257796,0.835493519441675
754,0.1,1,400,0.85,0.796257796257796,0.837487537387837
782,0.04,2,500,0.85,0.796257796257796,0.82851445663011
329,0.1,1,200,0.65,0.795218295218295,0.837487537387837
374,0.1,5,400,0.65,0.795218295218295,0.832502492522433
452,0.04,1,400,0.7,0.795218295218295,0.837487537387837
55,0.14,1,400,0.5,0.794178794178794,0.837487537387837
118,0.06,4,100,0.55,0.794178794178794,0.833499501495513
160,0.14,2,400,0.55,0.794178794178794,0.833499501495513
557,0.04,2,400,0.75,0.794178794178794,0.836490528414756
603,0.06,1,100,0.8,0.794178794178794,0.837487537387837
726,0.01,1,200,0.85,0.794178794178794,0.833499501495513
51,0.01,1,400,0.5,0.793139293139293,0.837487537387837
301,0.01,1,100,0.65,0.793139293139293,0.837487537387837
498,0.06,5,500,0.7,0.793139293139293,0.824526420737787
637,0.04,3,200,0.8,0.793139293139293,0.832502492522433
205,0.14,1,100,0.6,0.792099792099792,0.837487537387837
795,0.14,4,500,0.85,0.792099792099792,0.82951146560319
30,0.14,1,200,0.5,0.791060291060291,0.837487537387837
184,0.1,2,500,0.55,0.791060291060291,0.831505483549352
278,0.06,1,500,0.6,0.791060291060291,0.837487537387837
569,0.1,4,400,0.75,0.791060291060291,0.831505483549352
27,0.04,1,200,0.5,0.79002079002079,0.837487537387837
483,0.06,2,500,0.7,0.79002079002079,0.830508474576271
530,0.14,1,200,0.75,0.79002079002079,0.837487537387837
653,0.06,1,400,0.8,0.79002079002079,0.837487537387837
505,0.14,1,100,0.75,0.788981288981289,0.82851445663011
652,0.04,1,400,0.8,0.788981288981289,0.832502492522433
828,0.06,1,200,0.9,0.788981288981289,0.82951146560319
219,0.1,4,100,0.6,0.787941787941788,0.834496510468594
730,0.14,1,200,0.85,0.787941787941788,0.836490528414756
842,0.04,4,200,0.9,0.786902286902287,0.82851445663011
52,0.04,1,400,0.5,0.785862785862786,0.837487537387837
538,0.06,3,200,0.75,0.785862785862786,0.834496510468594
555,0.14,1,400,0.75,0.785862785862786,0.837487537387837
380,0.14,1,500,0.65,0.784823284823285,0.837487537387837
458,0.06,2,400,0.7,0.784823284823285,0.777666999002991
601,0.01,1,100,0.8,0.784823284823285,0.826520438683948
71,0.01,5,400,0.5,0.783783783783784,0.820538384845464
90,0.14,3,500,0.5,0.782744282744283,0.819541375872383
331,0.01,2,200,0.65,0.782744282744283,0.817547357926221
481,0.01,2,500,0.7,0.782744282744283,0.830508474576271
552,0.04,1,400,0.75,0.782744282744283,0.830508474576271
677,0.04,1,500,0.8,0.782744282744283,0.82851445663011
174,0.1,5,400,0.55,0.781704781704782,0.835493519441675
951,0.01,1,400,0.95,0.781704781704782,0.825523429710867
237,0.04,3,200,0.6,0.77962577962578,0.821535393818544
162,0.04,3,400,0.55,0.778586278586279,0.836490528414756
734,0.1,2,200,0.85,0.778586278586279,0.825523429710867
258,0.06,2,400,0.6,0.777546777546777,0.816550348953141
748,0.06,5,200,0.85,0.777546777546777,0.808574277168495
124,0.1,5,100,0.55,0.776507276507276,0.803589232303091
226,0.01,1,200,0.6,0.776507276507276,0.835493519441675
602,0.04,1,100,0.8,0.775467775467775,0.832502492522433
78,0.06,1,500,0.5,0.774428274428274,0.833499501495513
303,0.06,1,100,0.65,0.774428274428274,0.82851445663011
104,0.1,1,100,0.55,0.773388773388773,0.832502492522433
591,0.01,4,500,0.75,0.773388773388773,0.804586241276172
903,0.06,1,100,0.95,0.773388773388773,0.816550348953141
949,0.1,5,200,0.95,0.773388773388773,0.827517447657029
551,0.01,1,400,0.75,0.772349272349272,0.822532402791625
623,0.06,5,100,0.8,0.772349272349272,0.809571286141575
781,0.01,2,500,0.85,0.772349272349272,0.835493519441675
388,0.06,3,500,0.65,0.771309771309771,0.814556331006979
956,0.01,2,400,0.95,0.77027027027027,0.809571286141575
955,0.14,1,400,0.95,0.769230769230769,0.809571286141575
667,0.04,4,400,0.8,0.768191268191268,0.758723828514457
610,0.14,2,100,0.8,0.767151767151767,0.810568295114656
855,0.14,1,400,0.9,0.767151767151767,0.827517447657029
344,0.1,4,200,0.65,0.765072765072765,0.779661016949153
436,0.01,3,200,0.7,0.765072765072765,0.837487537387837
578,0.06,1,500,0.75,0.765072765072765,0.837487537387837
227,0.04,1,200,0.6,0.764033264033264,0.837487537387837
243,0.06,4,200,0.6,0.764033264033264,0.817547357926221
418,0.06,4,100,0.7,0.762993762993763,0.774675972083749
625,0.14,5,100,0.8,0.762993762993763,0.790628115653041
137,0.04,3,200,0.55,0.761954261954262,0.795613160518445
460,0.14,2,400,0.7,0.761954261954262,0.779661016949153
877,0.04,1,500,0.9,0.760914760914761,0.803589232303091
10,0.14,2,100,0.5,0.758835758835759,0.790628115653041
257,0.04,2,400,0.6,0.758835758835759,0.813559322033898
577,0.04,1,500,0.75,0.758835758835759,0.836490528414756
455,0.14,1,400,0.7,0.757796257796258,0.833499501495513
719,0.1,4,100,0.85,0.757796257796258,0.777666999002991
560,0.14,2,400,0.75,0.756756756756757,0.799601196410768
426,0.01,1,200,0.7,0.754677754677755,0.836490528414756
572,0.04,5,400,0.75,0.754677754677755,0.798604187437687
584,0.1,2,500,0.75,0.754677754677755,0.831505483549352
884,0.1,2,500,0.9,0.754677754677755,0.808574277168495
565,0.14,3,400,0.75,0.751559251559252,0.826520438683948
491,0.01,4,500,0.7,0.748440748440748,0.773678963110668
499,0.1,5,500,0.7,0.748440748440748,0.713858424725823
82,0.04,2,500,0.5,0.746361746361746,0.834496510468594
130,0.14,1,200,0.55,0.745322245322245,0.837487537387837
276,0.01,1,500,0.6,0.745322245322245,0.836490528414756
583,0.06,2,500,0.75,0.745322245322245,0.778664007976072
880,0.14,1,500,0.9,0.742203742203742,0.832502492522433
16,0.01,4,100,0.5,0.74012474012474,0.778664007976072
357,0.04,2,400,0.65,0.738045738045738,0.781655034895314
319,0.1,4,100,0.65,0.737006237006237,0.823529411764706
502,0.04,1,100,0.75,0.737006237006237,0.692921236291127
379,0.1,1,500,0.65,0.734927234927235,0.837487537387837
639,0.1,3,200,0.8,0.734927234927235,0.813559322033898
445,0.14,4,200,0.7,0.732848232848233,0.784646061814556
272,0.04,5,400,0.6,0.731808731808732,0.770687936191426
727,0.04,1,200,0.85,0.731808731808732,0.76370887337986
813,0.06,3,100,0.9,0.72972972972973,0.795613160518445
376,0.01,1,500,0.65,0.728690228690229,0.808574277168495
298,0.06,5,500,0.6,0.725571725571726,0.768693918245264
535,0.14,2,200,0.75,0.725571725571726,0.779661016949153
431,0.01,2,200,0.7,0.724532224532225,0.765702891326022
468,0.06,4,400,0.7,0.723492723492724,0.791625124626122
929,0.1,1,200,0.95,0.723492723492724,0.824526420737787
94,0.1,4,500,0.5,0.721413721413721,0.784646061814556
642,0.04,4,200,0.8,0.721413721413721,0.752741774675972
822,0.04,5,100,0.9,0.72037422037422,0.76271186440678
575,0.14,5,400,0.75,0.719334719334719,0.758723828514457
991,0.01,4,500,0.95,0.719334719334719,0.774675972083749
879,0.1,1,500,0.9,0.718295218295218,0.818544366899302
181,0.01,2,500,0.55,0.717255717255717,0.727816550348953
279,0.1,1,500,0.6,0.715176715176715,0.818544366899302
132,0.04,2,200,0.55,0.712058212058212,0.682951146560319
673,0.06,5,400,0.8,0.712058212058212,0.778664007976072
814,0.1,3,100,0.9,0.711018711018711,0.730807577268195
145,0.14,4,200,0.55,0.70997920997921,0.830508474576271
549,0.1,5,200,0.75,0.70997920997921,0.716849451645065
753,0.06,1,400,0.85,0.70997920997921,0.835493519441675
75,0.14,5,400,0.5,0.705821205821206,0.831505483549352
236,0.01,3,200,0.6,0.705821205821206,0.756729810568295
792,0.04,4,500,0.85,0.705821205821206,0.793619142572283
305,0.14,1,100,0.65,0.704781704781705,0.837487537387837
407,0.04,2,100,0.7,0.700623700623701,0.82851445663011
484,0.1,2,500,0.7,0.700623700623701,0.80259222333001
85,0.14,2,500,0.5,0.698544698544699,0.837487537387837
643,0.06,4,200,0.8,0.697505197505198,0.724825523429711
222,0.04,5,100,0.6,0.695426195426195,0.750747756729811
83,0.06,2,500,0.5,0.691268191268191,0.833499501495513
684,0.1,2,500,0.8,0.691268191268191,0.816550348953141
157,0.04,2,400,0.55,0.689189189189189,0.748753738783649
916,0.01,4,100,0.95,0.689189189189189,0.748753738783649
509,0.1,2,100,0.75,0.687110187110187,0.750747756729811
395,0.14,4,500,0.65,0.686070686070686,0.728813559322034
173,0.06,5,400,0.55,0.682952182952183,0.758723828514457
199,0.1,5,500,0.55,0.682952182952183,0.746759720837488
26,0.01,1,200,0.5,0.67983367983368,0.76271186440678
851,0.01,1,400,0.9,0.67983367983368,0.708873379860419
325,0.14,5,100,0.65,0.677754677754678,0.737786640079761
204,0.1,1,100,0.6,0.676715176715177,0.82951146560319
230,0.14,1,200,0.6,0.673596673596674,0.837487537387837
630,0.14,1,200,0.8,0.673596673596674,0.806580259222333
554,0.1,1,400,0.75,0.67047817047817,0.837487537387837
927,0.04,1,200,0.95,0.67047817047817,0.6839481555334
212,0.04,3,100,0.6,0.668399168399168,0.702891326021934
614,0.1,3,100,0.8,0.668399168399168,0.642073778664008
904,0.1,1,100,0.95,0.667359667359667,0.729810568295115
958,0.06,2,400,0.95,0.666320166320166,0.708873379860419
116,0.01,4,100,0.55,0.665280665280665,0.785643070787637
401,0.01,1,100,0.7,0.661122661122661,0.714855433698903
697,0.04,5,500,0.8,0.661122661122661,0.676969092721834
611,0.01,3,100,0.8,0.66008316008316,0.704885343968096
248,0.06,5,200,0.6,0.656964656964657,0.695912263210369
270,0.14,4,400,0.6,0.654885654885655,0.69690927218345
683,0.06,2,500,0.8,0.651767151767152,0.691924227318046
472,0.04,5,400,0.7,0.650727650727651,0.663010967098704
718,0.06,4,100,0.85,0.64968814968815,0.678963110667996
871,0.01,5,400,0.9,0.648648648648649,0.702891326021934
585,0.14,2,500,0.75,0.647609147609148,0.706879361914257
921,0.01,5,100,0.95,0.647609147609148,0.695912263210369
147,0.04,5,200,0.55,0.646569646569647,0.690927218344965
175,0.14,5,400,0.55,0.646569646569647,0.694915254237288
537,0.04,3,200,0.75,0.646569646569647,0.690927218344965
731,0.01,2,200,0.85,0.643451143451143,0.6839481555334
476,0.01,1,500,0.7,0.642411642411642,0.680957128614158
141,0.01,4,200,0.55,0.641372141372141,0.675972083748754
358,0.06,2,400,0.65,0.641372141372141,0.727816550348953
449,0.1,5,200,0.7,0.639293139293139,0.651046859421735
2,0.04,1,100,0.5,0.638253638253638,0.759720837487537
240,0.14,3,200,0.6,0.638253638253638,0.675972083748754
563,0.06,3,400,0.75,0.638253638253638,0.661016949152542
974,0.1,5,400,0.95,0.637214137214137,0.666999002991027
977,0.04,1,500,0.95,0.637214137214137,0.67098703888335
777,0.04,1,500,0.85,0.636174636174636,0.71086739780658
672,0.04,5,400,0.8,0.635135135135135,0.734795613160518
252,0.04,1,400,0.6,0.634095634095634,0.727816550348953
409,0.1,2,100,0.7,0.634095634095634,0.721834496510469
802,0.04,1,100,0.9,0.633056133056133,0.705882352941176
950,0.14,5,200,0.95,0.633056133056133,0.6580259222333
988,0.06,3,500,0.95,0.633056133056133,0.642073778664008
123,0.06,5,100,0.55,0.632016632016632,0.64506480558325
185,0.14,2,500,0.55,0.632016632016632,0.726819541375872
262,0.04,3,400,0.6,0.632016632016632,0.679960119641077
417,0.04,4,100,0.7,0.632016632016632,0.659022931206381
487,0.04,3,500,0.7,0.632016632016632,0.606181455633101
545,0.14,4,200,0.75,0.632016632016632,0.649052841475573
634,0.1,2,200,0.8,0.632016632016632,0.657028913260219
867,0.04,4,400,0.9,0.632016632016632,0.647058823529412
29,0.1,1,200,0.5,0.630977130977131,0.82951146560319
657,0.04,2,400,0.8,0.630977130977131,0.636091724825523
862,0.04,3,400,0.9,0.630977130977131,0.647058823529412
918,0.06,4,100,0.95,0.630977130977131,0.721834496510469
176,0.01,1,500,0.55,0.62993762993763,0.676969092721834
224,0.1,5,100,0.6,0.62993762993763,0.652043868394816
422,0.04,5,100,0.7,0.62993762993763,0.64406779661017
633,0.06,2,200,0.8,0.62993762993763,0.650049850448654
701,0.01,1,100,0.85,0.62993762993763,0.700897308075773
787,0.04,3,500,0.85,0.62993762993763,0.643070787637089
232,0.04,2,200,0.6,0.628898128898129,0.647058823529412
239,0.1,3,200,0.6,0.628898128898129,0.646061814556331
249,0.1,5,200,0.6,0.628898128898129,0.642073778664008
256,0.01,2,400,0.6,0.628898128898129,0.64506480558325
390,0.14,3,500,0.65,0.628898128898129,0.656031904287139
525,0.14,5,100,0.75,0.628898128898129,0.643070787637089
626,0.01,1,200,0.8,0.628898128898129,0.648055832502493
665,0.14,3,400,0.8,0.628898128898129,0.650049850448654
993,0.06,4,500,0.95,0.628898128898129,0.663010967098704
156,0.01,2,400,0.55,0.627858627858628,0.64506480558325
336,0.01,3,200,0.65,0.627858627858628,0.659022931206381
353,0.06,1,400,0.65,0.627858627858628,0.831505483549352
521,0.01,5,100,0.75,0.627858627858628,0.700897308075773
592,0.04,4,500,0.75,0.627858627858628,0.685942173479561
676,0.01,1,500,0.8,0.627858627858628,0.64406779661017
886,0.01,3,500,0.9,0.627858627858628,0.640079760717846
917,0.04,4,100,0.95,0.627858627858628,0.704885343968096
215,0.14,3,100,0.6,0.626819126819127,0.640079760717846
294,0.1,4,500,0.6,0.626819126819127,0.639082751744766
434,0.1,2,200,0.7,0.626819126819127,0.64406779661017
440,0.14,3,200,0.7,0.626819126819127,0.643070787637089
448,0.06,5,200,0.7,0.626819126819127,0.636091724825523
504,0.1,1,100,0.75,0.626819126819127,0.666001994017946
845,0.14,4,200,0.9,0.626819126819127,0.643070787637089
996,0.01,5,500,0.95,0.626819126819127,0.643070787637089
3,0.06,1,100,0.5,0.625779625779626,0.639082751744766
19,0.1,4,100,0.5,0.625779625779626,0.639082751744766
24,0.1,5,100,0.5,0.625779625779626,0.639082751744766
35,0.14,2,200,0.5,0.625779625779626,0.671984047856431
39,0.1,3,200,0.5,0.625779625779626,0.643070787637089
40,0.14,3,200,0.5,0.625779625779626,0.639082751744766
59,0.1,2,400,0.5,0.625779625779626,0.639082751744766
60,0.14,2,400,0.5,0.625779625779626,0.639082751744766
67,0.04,4,400,0.5,0.625779625779626,0.639082751744766
81,0.01,2,500,0.5,0.625779625779626,0.641076769690927
87,0.04,3,500,0.5,0.625779625779626,0.639082751744766
91,0.01,4,500,0.5,0.625779625779626,0.639082751744766
93,0.06,4,500,0.5,0.625779625779626,0.639082751744766
96,0.01,5,500,0.5,0.625779625779626,0.639082751744766
102,0.04,1,100,0.55,0.625779625779626,0.639082751744766
105,0.14,1,100,0.55,0.625779625779626,0.831505483549352
135,0.14,2,200,0.55,0.625779625779626,0.639082751744766
142,0.04,4,200,0.55,0.625779625779626,0.641076769690927
144,0.1,4,200,0.55,0.625779625779626,0.639082751744766
149,0.1,5,200,0.55,0.625779625779626,0.639082751744766
152,0.04,1,400,0.55,0.625779625779626,0.712861415752742
159,0.1,2,400,0.55,0.625779625779626,0.639082751744766
169,0.1,4,400,0.55,0.625779625779626,0.639082751744766
172,0.04,5,400,0.55,0.625779625779626,0.640079760717846
182,0.04,2,500,0.55,0.625779625779626,0.654037886340977
193,0.06,4,500,0.55,0.625779625779626,0.639082751744766
195,0.14,4,500,0.55,0.625779625779626,0.639082751744766
247,0.04,5,200,0.6,0.625779625779626,0.639082751744766
250,0.14,5,200,0.6,0.625779625779626,0.641076769690927
264,0.1,3,400,0.6,0.625779625779626,0.639082751744766
274,0.1,5,400,0.6,0.625779625779626,0.639082751744766
275,0.14,5,400,0.6,0.625779625779626,0.641076769690927
282,0.04,2,500,0.6,0.625779625779626,0.640079760717846
285,0.14,2,500,0.6,0.625779625779626,0.652043868394816
289,0.1,3,500,0.6,0.625779625779626,0.637088733798604
306,0.01,2,100,0.65,0.625779625779626,0.639082751744766
308,0.06,2,100,0.65,0.625779625779626,0.666999002991027
311,0.01,3,100,0.65,0.625779625779626,0.639082751744766
314,0.1,3,100,0.65,0.625779625779626,0.639082751744766
322,0.04,5,100,0.65,0.625779625779626,0.642073778664008
323,0.06,5,100,0.65,0.625779625779626,0.639082751744766
328,0.06,1,200,0.65,0.625779625779626,0.803589232303091
330,0.14,1,200,0.65,0.625779625779626,0.837487537387837
338,0.06,3,200,0.65,0.625779625779626,0.639082751744766
349,0.1,5,200,0.65,0.625779625779626,0.639082751744766
351,0.01,1,400,0.65,0.625779625779626,0.639082751744766
352,0.04,1,400,0.65,0.625779625779626,0.639082751744766
363,0.06,3,400,0.65,0.625779625779626,0.639082751744766
369,0.1,4,400,0.65,0.625779625779626,0.639082751744766
381,0.01,2,500,0.65,0.625779625779626,0.639082751744766
383,0.06,2,500,0.65,0.625779625779626,0.639082751744766
385,0.14,2,500,0.65,0.625779625779626,0.753738783649053
392,0.04,4,500,0.65,0.625779625779626,0.640079760717846
393,0.06,4,500,0.65,0.625779625779626,0.639082751744766
394,0.1,4,500,0.65,0.625779625779626,0.638085742771685
403,0.06,1,100,0.7,0.625779625779626,0.64506480558325
404,0.1,1,100,0.7,0.625779625779626,0.639082751744766
416,0.01,4,100,0.7,0.625779625779626,0.639082751744766
419,0.1,4,100,0.7,0.625779625779626,0.639082751744766
425,0.14,5,100,0.7,0.625779625779626,0.639082751744766
435,0.14,2,200,0.7,0.625779625779626,0.639082751744766
438,0.06,3,200,0.7,0.625779625779626,0.639082751744766
451,0.01,1,400,0.7,0.625779625779626,0.647058823529412
466,0.01,4,400,0.7,0.625779625779626,0.639082751744766
471,0.01,5,400,0.7,0.625779625779626,0.639082751744766
482,0.04,2,500,0.7,0.625779625779626,0.639082751744766
489,0.1,3,500,0.7,0.625779625779626,0.639082751744766
517,0.04,4,100,0.75,0.625779625779626,0.837487537387837
522,0.04,5,100,0.75,0.625779625779626,0.639082751744766
523,0.06,5,100,0.75,0.625779625779626,0.639082751744766
528,0.06,1,200,0.75,0.625779625779626,0.639082751744766
539,0.1,3,200,0.75,0.625779625779626,0.639082751744766
546,0.01,5,200,0.75,0.625779625779626,0.636091724825523
576,0.01,1,500,0.75,0.625779625779626,0.639082751744766
589,0.1,3,500,0.75,0.625779625779626,0.637088733798604
590,0.14,3,500,0.75,0.625779625779626,0.639082751744766
599,0.1,5,500,0.75,0.625779625779626,0.639082751744766
609,0.1,2,100,0.8,0.625779625779626,0.651046859421735
616,0.01,4,100,0.8,0.625779625779626,0.639082751744766
618,0.06,4,100,0.8,0.625779625779626,0.639082751744766
628,0.06,1,200,0.8,0.625779625779626,0.650049850448654
641,0.01,4,200,0.8,0.625779625779626,0.684945164506481
644,0.1,4,200,0.8,0.625779625779626,0.639082751744766
681,0.01,2,500,0.8,0.625779625779626,0.641076769690927
686,0.01,3,500,0.8,0.625779625779626,0.639082751744766
702,0.04,1,100,0.85,0.625779625779626,0.646061814556331
708,0.06,2,100,0.85,0.625779625779626,0.639082751744766
732,0.04,2,200,0.85,0.625779625779626,0.639082751744766
742,0.04,4,200,0.85,0.625779625779626,0.641076769690927
746,0.01,5,200,0.85,0.625779625779626,0.639082751744766
760,0.14,2,400,0.85,0.625779625779626,0.639082751744766
768,0.06,4,400,0.85,0.625779625779626,0.639082751744766
769,0.1,4,400,0.85,0.625779625779626,0.639082751744766
774,0.1,5,400,0.85,0.625779625779626,0.641076769690927
780,0.14,1,500,0.85,0.625779625779626,0.640079760717846
788,0.06,3,500,0.85,0.625779625779626,0.639082751744766
805,0.14,1,100,0.9,0.625779625779626,0.680957128614158
812,0.04,3,100,0.9,0.625779625779626,0.639082751744766
833,0.06,2,200,0.9,0.625779625779626,0.639082751744766
841,0.01,4,200,0.9,0.625779625779626,0.639082751744766
852,0.04,1,400,0.9,0.625779625779626,0.641076769690927
854,0.1,1,400,0.9,0.625779625779626,0.639082751744766
861,0.01,3,400,0.9,0.625779625779626,0.639082751744766
878,0.06,1,500,0.9,0.625779625779626,0.639082751744766
881,0.01,2,500,0.9,0.625779625779626,0.641076769690927
892,0.04,4,500,0.9,0.625779625779626,0.639082751744766
898,0.06,5,500,0.9,0.625779625779626,0.637088733798604
908,0.06,2,100,0.95,0.625779625779626,0.639082751744766
924,0.1,5,100,0.95,0.625779625779626,0.639082751744766
925,0.14,5,100,0.95,0.625779625779626,0.639082751744766
930,0.14,1,200,0.95,0.625779625779626,0.639082751744766
960,0.14,2,400,0.95,0.625779625779626,0.639082751744766
962,0.04,3,400,0.95,0.625779625779626,0.639082751744766
970,0.14,4,400,0.95,0.625779625779626,0.639082751744766
981,0.01,2,500,0.95,0.625779625779626,0.642073778664008
992,0.04,4,500,0.95,0.625779625779626,0.639082751744766
998,0.06,5,500,0.95,0.625779625779626,0.639082751744766
999,0.1,5,500,0.95,0.625779625779626,0.639082751744766
1000,0.14,5,500,0.95,0.625779625779626,0.639082751744766
88,0.06,3,500,0.5,0.624740124740125,0.636091724825523
242,0.04,4,200,0.6,0.624740124740125,0.636091724825523
751,0.01,1,400,0.85,0.624740124740125,0.636091724825523
947,0.04,5,200,0.95,0.624740124740125,0.64406779661017
909,0.1,2,100,0.95,0.622661122661123,0.660019940179462
957,0.04,2,400,0.95,0.622661122661123,0.663010967098704
171,0.01,5,400,0.55,0.621621621621622,0.6321036889332
911,0.01,3,100,0.95,0.619542619542619,0.622133599202393
287,0.04,3,500,0.6,0.618503118503118,0.61814556331007
293,0.06,4,500,0.6,0.617463617463617,0.626121635094716
22,0.04,5,100,0.5,0.616424116424116,0.617148554336989
188,0.06,3,500,0.55,0.615384615384615,0.619142572283151
497,0.04,5,500,0.7,0.615384615384615,0.611166500498505
541,0.01,4,200,0.75,0.614345114345114,0.620139581256231
620,0.14,4,100,0.8,0.611226611226611,0.621136590229312
210,0.14,2,100,0.6,0.61018711018711,0.623130608175473
789,0.1,3,500,0.85,0.61018711018711,0.614157527417747
983,0.06,2,500,0.95,0.604989604989605,0.629112662013958
635,0.14,2,200,0.8,0.603950103950104,0.594217347956132
796,0.01,5,500,0.85,0.603950103950104,0.603190428713858
368,0.06,4,400,0.65,0.602910602910603,0.594217347956132
574,0.1,5,400,0.75,0.5997920997921,0.614157527417747
885,0.14,2,500,0.9,0.5997920997921,0.630109670987039
709,0.1,2,100,0.85,0.594594594594595,0.598205383848455
859,0.1,2,400,0.9,0.593555093555094,0.548354935194417
112,0.04,3,100,0.55,0.589397089397089,0.588235294117647
283,0.06,2,500,0.6,0.587318087318087,0.578265204386839
165,0.14,3,400,0.55,0.585239085239085,0.580259222333001
234,0.1,2,200,0.6,0.572765072765073,0.591226321036889
273,0.06,5,400,0.6,0.570686070686071,0.595214356929212
389,0.1,3,500,0.65,0.558212058212058,0.591226321036889
808,0.06,2,100,0.9,0.556133056133056,0.577268195413759
685,0.14,2,500,0.8,0.553014553014553,0.581256231306082
547,0.04,5,200,0.75,0.54989604989605,0.522432701894317
15,0.14,3,100,0.5,0.538461538461538,0.504486540378863
965,0.14,3,400,0.95,0.528066528066528,0.556331006979063
133,0.06,2,200,0.55,0.524948024948025,0.524426719840479
561,0.01,3,400,0.75,0.524948024948025,0.48654037886341
875,0.14,5,400,0.9,0.523908523908524,0.488534396809571
725,0.14,5,100,0.85,0.522869022869023,0.496510468594217
587,0.04,3,500,0.75,0.520790020790021,0.528414755732802
714,0.1,3,100,0.85,0.520790020790021,0.545363908275174
783,0.06,2,500,0.85,0.516632016632017,0.53938185443669
721,0.01,5,100,0.85,0.508316008316008,0.502492522432702
496,0.01,5,500,0.7,0.505197505197505,0.525423728813559
359,0.1,2,400,0.65,0.504158004158004,0.483549351944167
593,0.06,4,500,0.75,0.504158004158004,0.48654037886341
840,0.14,3,200,0.9,0.501039501039501,0.483549351944167
341,0.01,4,200,0.65,0.498960498960499,0.493519441674975
456,0.01,2,400,0.7,0.497920997920998,0.527417746759721
766,0.01,4,400,0.85,0.496881496881497,0.470588235294118
873,0.06,5,400,0.9,0.496881496881497,0.48654037886341
608,0.06,2,100,0.8,0.495841995841996,0.462612163509472
967,0.04,4,400,0.95,0.487525987525988,0.474576271186441
299,0.1,5,500,0.6,0.479209979209979,0.48753738783649
343,0.06,4,200,0.65,0.475051975051975,0.49950149551346
6,0.01,2,100,0.5,0.458419958419958,0.448654037886341
33,0.06,2,200,0.5,0.458419958419958,0.443668993020937
465,0.14,3,400,0.7,0.445945945945946,0.425722831505484
316,0.01,4,100,0.65,0.441787941787942,0.416749750747757
187,0.04,3,500,0.55,0.433471933471933,0.415752741774676
364,0.1,3,400,0.65,0.43035343035343,0.425722831505484
935,0.14,2,200,0.95,0.43035343035343,0.453639082751745
106,0.01,2,100,0.55,0.428274428274428,0.42073778664008
346,0.01,5,200,0.65,0.426195426195426,0.411764705882353
506,0.01,2,100,0.75,0.424116424116424,0.426719840478564
959,0.1,2,400,0.95,0.41995841995842,0.39481555333998
170,0.14,4,400,0.55,0.415800415800416,0.450648055832502
8,0.06,2,100,0.5,0.413721413721414,0.414755732801595
844,0.1,4,200,0.9,0.413721413721414,0.416749750747757
923,0.06,5,100,0.95,0.410602910602911,0.398803589232303
804,0.1,1,100,0.9,0.40956340956341,0.414755732801595
501,0.01,1,100,0.75,0.405405405405405,0.402791625124626
131,0.01,2,200,0.55,0.404365904365904,0.39481555333998
345,0.14,4,200,0.65,0.403326403326403,0.401794616151545
412,0.04,3,100,0.7,0.403326403326403,0.406779661016949
651,0.01,1,400,0.8,0.401247401247401,0.383848454636092
699,0.1,5,500,0.8,0.4002079002079,0.411764705882353
758,0.06,2,400,0.85,0.4002079002079,0.399800598205384
660,0.14,2,400,0.8,0.399168399168399,0.404785643070788
333,0.06,2,200,0.65,0.396049896049896,0.366899302093719
586,0.01,3,500,0.75,0.396049896049896,0.404785643070788
612,0.04,3,100,0.8,0.390852390852391,0.392821535393819
11,0.01,3,100,0.5,0.388773388773389,0.388833499501495
337,0.04,3,200,0.65,0.388773388773389,0.388833499501495
494,0.1,4,500,0.7,0.386694386694387,0.375872382851446
739,0.1,3,200,0.85,0.385654885654886,0.379860418743769
627,0.04,1,200,0.8,0.384615384615385,0.374875373878365
700,0.14,5,500,0.8,0.384615384615385,0.3678963110668
895,0.14,4,500,0.9,0.383575883575884,0.387836490528415
939,0.1,3,200,0.95,0.383575883575884,0.379860418743769
990,0.14,3,500,0.95,0.381496881496882,0.365902293120638
661,0.01,3,400,0.8,0.38045738045738,0.378863409770688
824,0.1,5,100,0.9,0.38045738045738,0.374875373878365
61,0.01,3,400,0.5,0.378378378378378,0.371884346959123
735,0.14,2,200,0.85,0.378378378378378,0.370887337986042
797,0.04,5,500,0.85,0.378378378378378,0.3678963110668
111,0.01,3,100,0.55,0.377338877338877,0.36889332003988
197,0.04,5,500,0.55,0.377338877338877,0.376869391824526
109,0.1,2,100,0.55,0.376299376299376,0.375872382851446
631,0.01,2,200,0.8,0.376299376299376,0.366899302093719
492,0.04,4,500,0.7,0.375259875259875,0.364905284147557
606,0.01,2,100,0.8,0.375259875259875,0.389830508474576
692,0.04,4,500,0.8,0.375259875259875,0.362911266201396
747,0.04,5,200,0.85,0.375259875259875,0.363908275174477
837,0.04,3,200,0.9,0.375259875259875,0.370887337986042
882,0.04,2,500,0.9,0.375259875259875,0.366899302093719
932,0.04,2,200,0.95,0.375259875259875,0.360917248255234
989,0.1,3,500,0.95,0.375259875259875,0.362911266201396
36,0.01,3,200,0.5,0.374220374220374,0.360917248255234
38,0.06,3,200,0.5,0.374220374220374,0.360917248255234
46,0.01,5,200,0.5,0.374220374220374,0.360917248255234
49,0.1,5,200,0.5,0.374220374220374,0.360917248255234
64,0.1,3,400,0.5,0.374220374220374,0.360917248255234
97,0.04,5,500,0.5,0.374220374220374,0.360917248255234
101,0.01,1,100,0.55,0.374220374220374,0.360917248255234
189,0.1,3,500,0.55,0.374220374220374,0.360917248255234
192,0.04,4,500,0.55,0.374220374220374,0.360917248255234
196,0.01,5,500,0.55,0.374220374220374,0.360917248255234
213,0.06,3,100,0.6,0.374220374220374,0.360917248255234
223,0.06,5,100,0.6,0.374220374220374,0.360917248255234
225,0.14,5,100,0.6,0.374220374220374,0.360917248255234
233,0.06,2,200,0.6,0.374220374220374,0.360917248255234
241,0.01,4,200,0.6,0.374220374220374,0.365902293120638
290,0.14,3,500,0.6,0.374220374220374,0.360917248255234
295,0.14,4,500,0.6,0.374220374220374,0.363908275174477
312,0.04,3,100,0.65,0.374220374220374,0.360917248255234
326,0.01,1,200,0.65,0.374220374220374,0.360917248255234
347,0.04,5,200,0.65,0.374220374220374,0.360917248255234
362,0.04,3,400,0.65,0.374220374220374,0.360917248255234
375,0.14,5,400,0.65,0.374220374220374,0.360917248255234
386,0.01,3,500,0.65,0.374220374220374,0.360917248255234
391,0.01,4,500,0.65,0.374220374220374,0.331006979062812
410,0.14,2,100,0.7,0.374220374220374,0.362911266201396
424,0.1,5,100,0.7,0.374220374220374,0.360917248255234
437,0.04,3,200,0.7,0.374220374220374,0.358923230309073
462,0.04,3,400,0.7,0.374220374220374,0.360917248255234
470,0.14,4,400,0.7,0.374220374220374,0.360917248255234
486,0.01,3,500,0.7,0.374220374220374,0.360917248255234
500,0.14,5,500,0.7,0.374220374220374,0.362911266201396
524,0.1,5,100,0.75,0.374220374220374,0.360917248255234
542,0.04,4,200,0.75,0.374220374220374,0.356929212362911
594,0.1,4,500,0.75,0.374220374220374,0.359920239282154
598,0.06,5,500,0.75,0.374220374220374,0.360917248255234
619,0.1,4,100,0.8,0.374220374220374,0.360917248255234
624,0.1,5,100,0.8,0.374220374220374,0.360917248255234
638,0.06,3,200,0.8,0.374220374220374,0.360917248255234
640,0.14,3,200,0.8,0.374220374220374,0.359920239282154
668,0.06,4,400,0.8,0.374220374220374,0.360917248255234
671,0.01,5,400,0.8,0.374220374220374,0.360917248255234
674,0.1,5,400,0.8,0.374220374220374,0.360917248255234
694,0.1,4,500,0.8,0.374220374220374,0.360917248255234
698,0.06,5,500,0.8,0.374220374220374,0.360917248255234
706,0.01,2,100,0.85,0.374220374220374,0.360917248255234
720,0.14,4,100,0.85,0.374220374220374,0.355932203389831
737,0.04,3,200,0.85,0.374220374220374,0.358923230309073
756,0.01,2,400,0.85,0.374220374220374,0.35493519441675
763,0.06,3,400,0.85,0.374220374220374,0.360917248255234
764,0.1,3,400,0.85,0.374220374220374,0.360917248255234
794,0.1,4,500,0.85,0.374220374220374,0.360917248255234
806,0.01,2,100,0.9,0.374220374220374,0.360917248255234
826,0.01,1,200,0.9,0.374220374220374,0.360917248255234
827,0.04,1,200,0.9,0.374220374220374,0.360917248255234
831,0.01,2,200,0.9,0.374220374220374,0.360917248255234
832,0.04,2,200,0.9,0.374220374220374,0.360917248255234
838,0.06,3,200,0.9,0.374220374220374,0.359920239282154
866,0.01,4,400,0.9,0.374220374220374,0.360917248255234
874,0.1,5,400,0.9,0.374220374220374,0.359920239282154
893,0.06,4,500,0.9,0.374220374220374,0.359920239282154
894,0.1,4,500,0.9,0.374220374220374,0.360917248255234
937,0.04,3,200,0.95,0.374220374220374,0.360917248255234
961,0.01,3,400,0.95,0.374220374220374,0.328015952143569
972,0.04,5,400,0.95,0.374220374220374,0.362911266201396
987,0.04,3,500,0.95,0.374220374220374,0.360917248255234
167,0.04,4,400,0.55,0.373180873180873,0.337986041874377
214,0.1,3,100,0.6,0.373180873180873,0.374875373878365
324,0.1,5,100,0.65,0.373180873180873,0.356929212362911
361,0.01,3,400,0.65,0.373180873180873,0.360917248255234
520,0.14,4,100,0.75,0.373180873180873,0.355932203389831
201,0.01,1,100,0.6,0.372141372141372,0.355932203389831
656,0.01,2,400,0.8,0.372141372141372,0.35493519441675
740,0.14,3,200,0.85,0.372141372141372,0.357926221335992
365,0.14,3,400,0.65,0.371101871101871,0.351944167497507
217,0.04,4,100,0.6,0.37006237006237,0.336989032901296
621,0.01,5,100,0.8,0.37006237006237,0.35493519441675
711,0.01,3,100,0.85,0.37006237006237,0.199401794616152
846,0.01,5,200,0.9,0.37006237006237,0.351944167497507
300,0.14,5,500,0.6,0.369022869022869,0.334995014955135
938,0.06,3,200,0.95,0.369022869022869,0.304087736789631
953,0.06,1,400,0.95,0.369022869022869,0.355932203389831
514,0.1,3,100,0.75,0.367983367983368,0.356929212362911
92,0.04,4,500,0.5,0.366943866943867,0.347956131605184
926,0.01,1,200,0.95,0.366943866943867,0.346959122632104
186,0.01,3,500,0.55,0.365904365904366,0.345962113659023
944,0.1,4,200,0.95,0.364864864864865,0.346959122632104
348,0.06,5,200,0.65,0.363825363825364,0.168494516450648
44,0.1,4,200,0.5,0.362785862785863,0.328015952143569
146,0.01,5,200,0.55,0.362785862785863,0.333000997008973
713,0.06,3,100,0.85,0.362785862785863,0.333000997008973
811,0.01,3,100,0.9,0.361746361746362,0.330009970089731
849,0.1,5,200,0.9,0.361746361746362,0.392821535393819
117,0.04,4,100,0.55,0.360706860706861,0.32901296111665
715,0.14,3,100,0.85,0.360706860706861,0.330009970089731
533,0.06,2,200,0.75,0.35966735966736,0.23629112662014
952,0.04,1,400,0.95,0.35966735966736,0.335992023928215
907,0.04,2,100,0.95,0.358627858627859,0.321036889332004
37,0.04,3,200,0.5,0.357588357588358,0.334995014955135
724,0.1,5,100,0.85,0.357588357588358,0.324027916251246
738,0.06,3,200,0.85,0.357588357588358,0.317048853439681
809,0.1,2,100,0.9,0.357588357588358,0.323030907278166
817,0.04,4,100,0.9,0.357588357588358,0.296111665004985
23,0.06,5,100,0.5,0.356548856548857,0.315054835493519
922,0.04,5,100,0.95,0.356548856548857,0.27617148554337
286,0.01,3,500,0.6,0.352390852390852,0.187437686939183
191,0.01,4,500,0.55,0.35031185031185,0.310069790628116
7,0.04,2,100,0.5,0.348232848232848,0.322033898305085
48,0.06,5,200,0.5,0.348232848232848,0.3160518444666
767,0.04,4,400,0.85,0.348232848232848,0.3160518444666
245,0.14,4,200,0.6,0.346153846153846,0.254237288135593
99,0.1,5,500,0.5,0.344074844074844,0.304087736789631
723,0.06,5,100,0.85,0.343035343035343,0.323030907278166
853,0.06,1,400,0.9,0.340956340956341,0.362911266201396
259,0.1,2,400,0.6,0.33991683991684,0.300099700897308
396,0.01,5,500,0.65,0.338877338877339,0.326021934197408
442,0.04,4,200,0.7,0.332640332640333,0.299102691924227
18,0.06,4,100,0.5,0.330561330561331,0.345962113659023
183,0.06,2,500,0.55,0.330561330561331,0.319042871385842
62,0.04,3,400,0.5,0.32952182952183,0.254237288135593
360,0.14,2,400,0.65,0.327442827442827,0.308075772681954
682,0.04,2,500,0.8,0.326403326403326,0.296111665004985
968,0.06,4,400,0.95,0.324324324324324,0.282153539381854
869,0.1,4,400,0.9,0.323284823284823,0.222333000997009
31,0.01,2,200,0.5,0.314968814968815,0.254237288135593
562,0.04,3,400,0.75,0.311850311850312,0.239282153539382
890,0.14,3,500,0.9,0.311850311850312,0.190428713858425
320,0.14,4,100,0.65,0.308731808731809,0.225324027916251
457,0.04,2,400,0.7,0.305613305613306,0.195413758723828
511,0.01,3,100,0.75,0.305613305613306,0.168494516450648
971,0.01,5,400,0.95,0.305613305613306,0.239282153539382
231,0.01,2,200,0.6,0.302494802494803,0.270189431704885
296,0.01,5,500,0.6,0.301455301455301,0.259222333000997
366,0.01,4,400,0.65,0.299376299376299,0.253240279162512
716,0.01,4,100,0.85,0.299376299376299,0.205383848454636
206,0.01,2,100,0.6,0.297297297297297,0.267198404785643
265,0.14,3,400,0.6,0.296257796257796,0.176470588235294
513,0.06,3,100,0.75,0.296257796257796,0.262213359920239
463,0.06,3,400,0.7,0.292099792099792,0.330009970089731
150,0.14,5,200,0.55,0.29002079002079,0.225324027916251
964,0.1,3,400,0.95,0.287941787941788,0.224327018943171
200,0.14,5,500,0.55,0.284823284823285,0.246261216350947
120,0.14,4,100,0.55,0.283783783783784,0.216350947158524
693,0.06,4,500,0.8,0.283783783783784,0.231306081754736
1,0.01,1,100,0.5,0.277546777546778,0.260219341974078
761,0.01,3,400,0.85,0.273388773388773,0.235294117647059
12,0.04,3,100,0.5,0.27027027027027,0.177467597208375
370,0.14,4,400,0.65,0.267151767151767,0.205383848454636
536,0.01,3,200,0.75,0.264033264033264,0.207377866400798
100,0.14,5,500,0.5,0.257796257796258,0.222333000997009
65,0.14,3,400,0.5,0.253638253638254,0.186440677966102
493,0.06,4,500,0.7,0.252598752598753,0.227318045862413
870,0.14,4,400,0.9,0.249480249480249,0.212362911266201
9,0.1,2,100,0.5,0.246361746361746,0.257228315054835
825,0.14,5,100,0.9,0.245322245322245,0.199401794616152
526,0.01,1,200,0.75,0.244282744282744,0.218344965104686
411,0.01,3,100,0.7,0.243243243243243,0.196410767696909
387,0.04,3,500,0.65,0.242203742203742,0.200398803589232
986,0.01,3,500,0.95,0.239085239085239,0.169491525423729
856,0.01,2,400,0.9,0.237006237006237,0.193419740777667
310,0.14,2,100,0.65,0.234927234927235,0.187437686939183
920,0.14,4,100,0.95,0.233887733887734,0.177467597208375
251,0.01,1,400,0.6,0.22972972972973,0.204386839481555
47,0.04,5,200,0.5,0.228690228690229,0.206380857427717
125,0.14,5,100,0.55,0.228690228690229,0.204386839481555
564,0.1,3,400,0.75,0.228690228690229,0.196410767696909
902,0.04,1,100,0.95,0.227650727650728,0.182452642073779
948,0.06,5,200,0.95,0.226611226611227,0.182452642073779
839,0.1,3,200,0.9,0.225571725571726,0.167497507477567
666,0.01,4,400,0.8,0.224532224532225,0.182452642073779
969,0.1,4,400,0.95,0.224532224532225,0.178464606181456
617,0.04,4,100,0.8,0.223492723492724,0.195413758723828
267,0.04,4,400,0.6,0.222453222453222,0.169491525423729
17,0.04,4,100,0.5,0.221413721413721,0.17048853439681
443,0.06,4,200,0.7,0.218295218295218,0.173479561316052
876,0.01,1,500,0.9,0.217255717255717,0.186440677966102
615,0.14,3,100,0.8,0.216216216216216,0.172482552342971
216,0.01,4,100,0.6,0.215176715176715,0.17048853439681
900,0.14,5,500,0.9,0.215176715176715,0.167497507477567
20,0.14,4,100,0.5,0.214137214137214,0.169491525423729
757,0.04,2,400,0.85,0.214137214137214,0.174476570289133
850,0.14,5,200,0.9,0.214137214137214,0.17048853439681
946,0.01,5,200,0.95,0.213097713097713,0.166500498504487
473,0.06,5,400,0.7,0.212058212058212,0.168494516450648
744,0.1,4,200,0.85,0.212058212058212,0.178464606181456
966,0.01,4,400,0.95,0.211018711018711,0.166500498504487
218,0.06,4,100,0.6,0.208939708939709,0.162512462612163
670,0.14,4,400,0.8,0.208939708939709,0.168494516450648
803,0.06,1,100,0.9,0.208939708939709,0.169491525423729
194,0.1,4,500,0.55,0.207900207900208,0.166500498504487
350,0.14,5,200,0.65,0.207900207900208,0.179461615154536
495,0.14,4,500,0.7,0.207900207900208,0.163509471585244
888,0.06,3,500,0.9,0.207900207900208,0.162512462612163
110,0.14,2,100,0.55,0.206860706860707,0.162512462612163
317,0.04,4,100,0.65,0.206860706860707,0.178464606181456
488,0.06,3,500,0.7,0.206860706860707,0.167497507477567
791,0.01,4,500,0.85,0.206860706860707,0.163509471585244
220,0.14,4,100,0.6,0.205821205821206,0.162512462612163
690,0.14,3,500,0.8,0.205821205821206,0.166500498504487
762,0.04,3,400,0.85,0.205821205821206,0.162512462612163
63,0.06,3,400,0.5,0.204781704781705,0.176470588235294
139,0.1,3,200,0.55,0.204781704781705,0.168494516450648
515,0.14,3,100,0.75,0.204781704781705,0.165503489531406
548,0.06,5,200,0.75,0.204781704781705,0.162512462612163
662,0.04,3,400,0.8,0.204781704781705,0.168494516450648
707,0.04,2,100,0.85,0.204781704781705,0.166500498504487
773,0.06,5,400,0.85,0.204781704781705,0.163509471585244
95,0.14,4,500,0.5,0.203742203742204,0.169491525423729
446,0.01,5,200,0.7,0.203742203742204,0.162512462612163
933,0.06,2,200,0.95,0.203742203742204,0.17048853439681
864,0.1,3,400,0.9,0.202702702702703,0.165503489531406
976,0.01,1,500,0.95,0.202702702702703,0.167497507477567
21,0.01,5,100,0.5,0.201663201663202,0.165503489531406
140,0.14,3,200,0.55,0.201663201663202,0.164506480558325
151,0.01,1,400,0.55,0.201663201663202,0.196410767696909
512,0.04,3,100,0.75,0.201663201663202,0.163509471585244
664,0.1,3,400,0.8,0.201663201663202,0.162512462612163
906,0.01,2,100,0.95,0.201663201663202,0.162512462612163
913,0.06,3,100,0.95,0.201663201663202,0.162512462612163
42,0.04,4,200,0.5,0.200623700623701,0.162512462612163
69,0.1,4,400,0.5,0.200623700623701,0.161515453639083
332,0.04,2,200,0.65,0.200623700623701,0.162512462612163
745,0.14,4,200,0.85,0.200623700623701,0.163509471585244
848,0.06,5,200,0.9,0.200623700623701,0.162512462612163
66,0.01,4,400,0.5,0.1995841995842,0.162512462612163
108,0.06,2,100,0.55,0.1995841995842,0.162512462612163
136,0.01,3,200,0.55,0.1995841995842,0.162512462612163
202,0.04,1,100,0.6,0.1995841995842,0.162512462612163
211,0.01,3,100,0.6,0.1995841995842,0.162512462612163
315,0.14,3,100,0.65,0.1995841995842,0.162512462612163
400,0.14,5,500,0.65,0.1995841995842,0.162512462612163
474,0.1,5,400,0.7,0.1995841995842,0.162512462612163
519,0.1,4,100,0.75,0.1995841995842,0.162512462612163
573,0.06,5,400,0.75,0.1995841995842,0.162512462612163
607,0.04,2,100,0.8,0.1995841995842,0.162512462612163
750,0.14,5,200,0.85,0.1995841995842,0.162512462612163
770,0.14,4,400,0.85,0.1995841995842,0.162512462612163
798,0.06,5,500,0.85,0.1995841995842,0.162512462612163
899,0.1,5,500,0.9,0.1995841995842,0.163509471585244
905,0.14,1,100,0.95,0.1995841995842,0.162512462612163
34,0.1,2,200,0.5,0.198544698544699,0.162512462612163
56,0.01,2,400,0.5,0.198544698544699,0.162512462612163
70,0.14,4,400,0.5,0.198544698544699,0.162512462612163
121,0.01,5,100,0.55,0.198544698544699,0.162512462612163
164,0.1,3,400,0.55,0.198544698544699,0.162512462612163
198,0.06,5,500,0.55,0.198544698544699,0.162512462612163
207,0.04,2,100,0.6,0.198544698544699,0.162512462612163
209,0.1,2,100,0.6,0.198544698544699,0.162512462612163
269,0.1,4,400,0.6,0.198544698544699,0.162512462612163
271,0.01,5,400,0.6,0.198544698544699,0.162512462612163
307,0.04,2,100,0.65,0.198544698544699,0.162512462612163
309,0.1,2,100,0.65,0.198544698544699,0.162512462612163
318,0.06,4,100,0.65,0.198544698544699,0.162512462612163
397,0.04,5,500,0.65,0.198544698544699,0.162512462612163
414,0.1,3,100,0.7,0.198544698544699,0.162512462612163
444,0.1,4,200,0.7,0.198544698544699,0.162512462612163
461,0.01,3,400,0.7,0.198544698544699,0.162512462612163
507,0.04,2,100,0.75,0.198544698544699,0.162512462612163
516,0.01,4,100,0.75,0.198544698544699,0.162512462612163
531,0.01,2,200,0.75,0.198544698544699,0.162512462612163
543,0.06,4,200,0.75,0.198544698544699,0.162512462612163
550,0.14,5,200,0.75,0.198544698544699,0.162512462612163
567,0.04,4,400,0.75,0.198544698544699,0.162512462612163
570,0.14,4,400,0.75,0.198544698544699,0.162512462612163
622,0.04,5,100,0.8,0.198544698544699,0.162512462612163
632,0.04,2,200,0.8,0.198544698544699,0.162512462612163
649,0.1,5,200,0.8,0.198544698544699,0.162512462612163
650,0.14,5,200,0.8,0.198544698544699,0.162512462612163
659,0.1,2,400,0.8,0.198544698544699,0.162512462612163
663,0.06,3,400,0.8,0.198544698544699,0.162512462612163
712,0.04,3,100,0.85,0.198544698544699,0.162512462612163
717,0.04,4,100,0.85,0.198544698544699,0.162512462612163
722,0.04,5,100,0.85,0.198544698544699,0.162512462612163
749,0.1,5,200,0.85,0.198544698544699,0.162512462612163
765,0.14,3,400,0.85,0.198544698544699,0.162512462612163
776,0.01,1,500,0.85,0.198544698544699,0.162512462612163
786,0.01,3,500,0.85,0.198544698544699,0.162512462612163
815,0.14,3,100,0.9,0.198544698544699,0.162512462612163
820,0.14,4,100,0.9,0.198544698544699,0.162512462612163
821,0.01,5,100,0.9,0.198544698544699,0.162512462612163
823,0.06,5,100,0.9,0.198544698544699,0.162512462612163
843,0.06,4,200,0.9,0.198544698544699,0.162512462612163
865,0.14,3,400,0.9,0.198544698544699,0.162512462612163
872,0.04,5,400,0.9,0.198544698544699,0.162512462612163
901,0.01,1,100,0.95,0.198544698544699,0.162512462612163
936,0.01,3,200,0.95,0.198544698544699,0.162512462612163
942,0.04,4,200,0.95,0.198544698544699,0.162512462612163
945,0.14,4,200,0.95,0.198544698544699,0.161515453639083
25,0.14,5,100,0.5,0.197505197505197,0.162512462612163
441,0.01,4,200,0.7,0.196465696465696,0.161515453639083
982,0.04,2,500,0.95,0.196465696465696,0.163509471585244
334,0.1,2,200,0.65,0.193347193347193,0.163509471585244
595,0.14,4,500,0.75,0.193347193347193,0.15752741774676
107,0.04,2,100,0.55,0.192307692307692,0.161515453639083
800,0.14,5,500,0.85,0.192307692307692,0.161515453639083
784,0.1,2,500,0.85,0.188149688149688,0.160518444666002
807,0.04,2,100,0.9,0.181912681912682,0.152542372881356
510,0.14,2,100,0.75,0.177754677754678,0.174476570289133
687,0.04,3,500,0.8,0.168399168399168,0.128614157527418
897,0.04,5,500,0.9,0.161122661122661,0.140578265204387
995,0.14,4,500,0.95,0.142411642411642,0.117647058823529
43,0.06,4,200,0.5,0.137214137214137,0.103688933200399
636,0.01,3,200,0.8,0.133056133056133,0.112662013958126
415,0.14,3,100,0.7,0.132016632016632,0.120638085742772
793,0.06,4,500,0.85,0.12993762993763,0.110667996011964
994,0.1,4,500,0.95,0.0956340956340956,0.0877367896311066
399,0.1,5,500,0.65,0.0925155925155925,0.0807577268195414
72,0.04,5,400,0.5,0.0841995841995842,0.0677966101694916
373,0.06,5,400,0.65,0.0748440748440748,0.0687936191425723
540,0.14,3,200,0.75,0.0571725571725572,0.0558325024925225
771,0.01,5,400,0.85,0.0540540540540541,0.0428713858424726
801,0.01,1,100,0.9,0.0488565488565489,0.0478564307078764
447,0.04,5,200,0.7,0.0384615384615384,0.0448654037886341
163,0.06,3,400,0.55,0.0374220374220374,0.0348953140578265
985,0.14,2,500,0.95,0.0353430353430353,0.0358923230309073
161,0.01,3,400,0.55,0.0322245322245323,0.0348953140578265
372,0.04,5,400,0.65,0.0301455301455301,0.0348953140578265
439,0.1,3,200,0.7,0.0301455301455301,0.0348953140578265
887,0.04,3,500,0.9,0.0301455301455301,0.036889332003988
